{"distance": 21.956150945816788, "diff_x": -21.885901904304454, "diff_y": 0.5554278200062351, "diff_z": -1.6647408589378965}