{"distance": 32.0883001176478, "diff_x": 23.90257185746803, "diff_y": 21.32993913978014, "diff_z": -1.832964629251821}